sitrep_id,sitrep_numero,fecha_publicacion,fecha_corte,iso3,pais,subregion,estado_monitoreo,prioridad,situacion_predominante,declaratoria_activa,nivel_declaratoria,impacto_salud_documentado,atribucion_elnino,icono_agua,icono_inundaciones,icono_incendios,icono_alimentos,icono_arbovirosis,icono_respiratorio,icono_servicios,icono_servicios_potencial,amenazas_resumen,impacto_salud_resumen,alistamiento_respuesta,acciones_ops,personas_afectadas,personas_damnificadas,familias_afectadas,muertes,heridos,personas_inseguridad_alimentaria_min,personas_inseguridad_alimentaria_max,personas_emergencia_alimentaria,establecimientos_salud_afectados,establecimientos_salud_expuestos,hectareas_incendios,municipios_afectados,referencias_sitrep,fuentes_resumen,observaciones
SITREP_01_2026-09-14,1,2026-09-14,2026-09-14,HND,Honduras,América Central,Con hallazgos,Alta,Sequía / inseguridad alimentaria,Sí,Nacional/subnacional: emergencia por sequía en 75 municipios,Sí,Compatible/contextual,1,0,0,1,0,0,0,0,"Sequía activa en el Corredor Seco, con emergencia y alerta roja; reducción de disponibilidad de agua potable en municipios rurales.","Inseguridad alimentaria aguda (1,8–2,2 millones de personas) y riesgo de enfermedades gastrointestinales por escasez de agua.","Alerta temprana, asistencia alimentaria y Plan Integral de Gestión de la Sequía; coordinación interinstitucional.",Acción anticipatoria con CERF/STAR-H en 5 municipios; mapeo de capacidades y brechas de establecimientos; apoyo a vigilancia epidemiológica.,,,,,,1800000,2200000,,,,,75,3;4;16;34;35,COPECO; SESAL; OPS/OMS; Obsan-UNAH,Prioridad alta por declaratoria activa e impacto sanitario/nutricional documentado.
SITREP_01_2026-09-14,1,2026-09-14,2026-09-14,GTM,Guatemala,América Central,Con hallazgos,Alta,Sequía / inseguridad alimentaria,No claramente documentada,Sin declaratoria claramente documentada en el SitRep,Sí,Compatible/contextual,1,0,1,1,0,0,0,0,Sequía en el Corredor Seco consistente con el patrón climático esperado de El Niño; además se reportaron incendios forestales.,Cerca de 3 millones de personas en niveles críticos de inseguridad alimentaria y 250.000 en emergencia aguda; 93.722 personas afectadas por emergencias.,Informe conjunto de focos críticos de inseguridad alimentaria aguda (SESAN/FAO/PMA).,"Reparaciones rápidas de agua en establecimientos, kits clínicos, formación en vigilancia y respuesta a brotes, control vectorial y acciones en 4 departamentos.",93722,,,,,3000000,3000000,250000,,,7126,,1;3;4;5;35;36,SESAN; FAO; PMA; OPS/OMS,"El SitRep reporta 1.207 emergencias, 1.843 incendios forestales liquidados y 6 albergues habilitados."
SITREP_01_2026-09-14,1,2026-09-14,2026-09-14,SLV,El Salvador,América Central,Con hallazgos,Alta,Sequía / inseguridad alimentaria / arbovirosis,Sí,Alerta roja nacional por sequía meteorológica y agrícola,Sí,Compatible/contextual,1,0,0,1,1,0,0,0,"Alerta roja por sequía meteorológica y agrícola; 104 distritos, 21 municipios y 11 departamentos con susceptibilidad alta/muy alta a déficit hídrico y estrés agrícola.",Riesgo nutricional rural y señal de incremento de dengue de 19%.,Declaratoria de alerta roja por Protección Civil.,Rehabilitación de sistemas de bombeo/almacenamiento en unidades de salud; PURIAGUA; pruebas diagnósticas y apoyo al control vectorial.,,,,,,,,,,,,21,31;32;33;35,Protección Civil; OPS/OMS,"El SitRep reporta 6,9 millones de quintales de maíz, frijol y sorgo en riesgo."
SITREP_01_2026-09-14,1,2026-09-14,2026-09-14,PAN,Panamá,América Central,Con hallazgos,Media,Lluvias / inundaciones / déficit hídrico,Sí,Estado de emergencia nacional por inundaciones y riesgo de déficit hídrico,No confirmado,Compatible/contextual,1,1,0,0,0,0,0,0,Inundaciones en el norte desde enero de 2026 y riesgo de déficit hídrico previsto entre octubre de 2026 y marzo de 2027.,Más de 15.000 personas afectadas por inundaciones; sin señal de salud pública confirmada a la fecha de corte.,Estado de emergencia nacional.,Sin acciones específicas de OPS/OMS país reportadas para el período.,15000,,,,,,,,,,,,31,Gobierno de Panamá,Caso límite: declaratoria activa pero sin impacto sanitario confirmado; se mantiene prioridad Media.
SITREP_01_2026-09-14,1,2026-09-14,2026-09-14,CRI,Costa Rica,América Central,Con hallazgos,Media,Arbovirosis / alistamiento,No específica,Sin declaratoria específica priorizada,Sí,No confirmada,0,0,0,0,1,0,0,0,Sin amenaza hidrometeorológica priorizada en el período; vigilancia activa ante El Niño.,"Incremento de 67% en casos de dengue respecto de 2025, en el marco de la tendencia regional de arbovirosis.",Existencia de Estrategia Nacional de Contingencia para El Niño 2026–2027.,Sin acciones específicas de OPS/OMS país reportadas para el período.,,,,,,,,,,,,,32;33;37,OPS/OMS; fuentes nacionales,El aumento de dengue no se presenta como atribuible de forma directa a El Niño.
SITREP_01_2026-09-14,1,2026-09-14,2026-09-14,COL,Colombia,Subregión Andina,Con hallazgos,Alta,Incendios / lluvias / arbovirosis,Sí,Desastre nacional y emergencia económica/social/ecológica; calamidad pública por incendios en Tolima,Sí,Compatible/contextual,0,1,1,0,1,1,1,0,Incendios forestales con calamidad pública en Tolima y lluvias intensas en el Pacífico; incendios adicionales en Antioquia y Cali.,"Brote activo de dengue, transmisión de malaria y circulación de fiebre amarilla; riesgo respiratorio por humo y afectación no estructural del Hospital San Jorge.",Declaratorias nacionales/departamentales y plan de recuperación agropecuaria.,Equipos de Respuesta Rápida en Córdoba y Arauca; 15.500 toldillos; cooperación técnica para la respuesta sanitaria concurrente al terremoto.,45341,,15393,,,,,,,,50000,,6;7;8;35;38;42,Gobierno de Colombia; INS; OPS/OMS; Hospital San Jorge,Personas/familias afectadas: suma de cifras explícitas reportadas para Córdoba y Chocó; Arauca solo reporta >9.000 familias y no se incluye en personas_afectadas.
SITREP_01_2026-09-14,1,2026-09-14,2026-09-14,PER,Perú,Subregión Andina,Con hallazgos,Alta,Lluvias / inundaciones / déficit hídrico,Sí,Emergencias por lluvias intensas y déficit hídrico; 893 distritos por peligro inminente ante precipitaciones,Sí,Confirmada/relacionada (El Niño costero),1,1,1,0,1,0,1,0,El Niño costero con lluvias e inundaciones desde febrero; déficit hídrico en 607 distritos; 32 incendios forestales con incidencia en la Amazonía.,70 muertes reportadas por lluvias/huaico; 633 de 8.714 establecimientos afectados; alertas preventivas por leptospirosis y dengue.,"COE Salud y EMED activados; SIREED/EDAN Salud; movilización de profesionales, brigadistas y unidades móviles.","Acompañamiento técnico a MINSA/DIGERD y COE Salud; gestión de información, EDAN, continuidad de servicios, WASH, vigilancia y comunicación de riesgo.",,,,70,,,,,633,4393,,893,9;10;11;12;13;14;15;35;39;43;44,PCM; MINSA; INDECI; CENEPRED; OPS/OMS,"El Niño costero es un evento regional de la costa peruana, distinto del episodio ENSO de escala del Pacífico ecuatorial, aunque relacionados."
SITREP_01_2026-09-14,1,2026-09-14,2026-09-14,BOL,Bolivia,Subregión Andina,Con hallazgos,Baja,Sequía / riesgo de incendios,No,Sin declaratoria formal reportada,No confirmado,Compatible/contextual,1,0,1,0,0,1,0,0,Sequía severa/extrema en 17 municipios del Altiplano; riesgo estacional histórico de incendios forestales aún sin verificación de focos activos recientes.,"Riesgo respiratorio histórico asociado al humo, sin cifra vigente confirmada.",Monitoreo de sequía por SENAMHI y activación del COEN y mesas sectoriales.,Apoyo a la Unidad de Gestión de Riesgos y Emergencias en Desastres para fortalecer COE departamentales.,,,,,,,,,,,,17,35;40,SENAMHI Bolivia; OPS/OMS,Caso límite: severidad de la amenaza sin declaratoria ni efectos de salud confirmados; prioridad Baja.
SITREP_01_2026-09-14,1,2026-09-14,2026-09-14,ECU,Ecuador,Subregión Andina,Con hallazgos,Media,Lluvias / alistamiento,Sí,Alerta naranja (Resolución SNGR-193-2026),No confirmado / no atribuible,Descartada para episodio de lluvias de Guayaquil; no confirmada para otros eventos,0,1,1,0,1,0,0,0,Alerta naranja ante El Niño; lluvias de Guayaquil del 17–18 de agosto descartadas por INAMHI como asociadas a El Niño; temporada de lluvias con incendios forestales reportados.,No se identificó impacto en salud pública confirmado ni atribuible a El Niño; se mantiene monitoreo activo de dengue y otras arbovirosis.,"Alerta naranja, Plan de Acción Nacional de El Niño y protocolo de emisión de alerta ENOS.","Revisión de planes provinciales, checklist de alistamiento, simulacro regional de ERR y apoyo a plan de contingencia ENOS/dengue.",142602,21142,,35,,,,,,,,,35;41,INAMHI; OPS/OMS oficina de país,Las cifras humanitarias corresponden a la temporada de lluvias 2026; INAMHI no estableció atribución directa a El Niño.
SITREP_01_2026-09-14,1,2026-09-14,2026-09-14,BRA,Brasil,Brasil y Cono Sur,Con hallazgos,Media,Sequía / calidad del aire / quemadas,Subnacional,Declaratorias municipales/estaduales de emergencia en salud pública,Parcial / subnacional,No confirmada a nivel nacional,1,0,1,0,0,1,0,0,Descenso hídrico en la cuenca amazónica y afectación de calidad del aire por quemadas; eventos hidrometeorológicos diversos.,630 municipios por encima del nivel de partículas finas recomendado por la OMS; sin correlación nacional establecida con desenlaces sanitarios específicos.,Plan de Preparación y Respuesta a Emergencias en Salud Pública asociadas a El Niño; planes estaduales y gabinetes integrados.,"Apoyo técnico del Vigidesastres y a oficinas estaduales de alistamiento, incluida la estiagem amazónica y Pantanal.",,,,,,,,,,,,630,45;46;47;48;49;50;51,Ministério da Saúde; SGB; INPE/INMET/Funceme/Cemaden; OPS/OMS,Caso límite con impacto/documentación subnacional y sin correlación nacional establecida.
SITREP_01_2026-09-14,1,2026-09-14,2026-09-14,CHL,Chile,Brasil y Cono Sur,Con hallazgos,Media,Lluvias / inundaciones / aluviones,Sí,Alerta Roja y Emergencia Preventiva en comunas afectadas,Sí,No confirmada,0,1,0,0,0,1,1,0,Temporal de lluvias intensas en el centro-sur en julio y lluvias inusuales con aluviones/derrumbes en el norte en agosto.,"9 personas damnificadas en La Araucanía, 161 albergadas y 45 aisladas en Maule; presión sobre urgencias por enfermedades respiratorias.",Alerta Roja/Emergencia Preventiva y evacuaciones; coordinación sanitaria territorial.,Sin acciones específicas de OPS/OMS país reportadas para el período.,,9,,,,,,,,,,,52;53;54,SENAPRED; MINSAL,Los eventos meteorológicos no cuentan con atribución directa establecida a El Niño en las fuentes consultadas.
SITREP_01_2026-09-14,1,2026-09-14,2026-09-14,ARG,Argentina,Brasil y Cono Sur,Con hallazgos,Baja,Riesgo prospectivo de inundaciones,No,Sin declaratoria reportada,No,Prospectiva,0,1,0,0,0,0,0,0,"El Niño activo; se prevén precipitaciones superiores a lo normal en el Litoral y Cuenca del Plata, con riesgo de crecidas.",Sin cifras oficiales de personas afectadas ni impacto sanitario confirmado en el período.,Esquema de asistencia sanitaria y mesas interinstitucionales de preparación/alerta temprana.,Acompañamiento a autoridades nacionales en monitoreo y análisis de riesgos y necesidades.,,,,,,,,,,,,,55;56;57;58;62,SMN; Ministerio de Salud; Ministerio de Defensa,Riesgo prospectivo; hasta 3 millones de hectáreas potencialmente afectadas según análisis citado.
SITREP_01_2026-09-14,1,2026-09-14,2026-09-14,URY,Uruguay,Brasil y Cono Sur,Con hallazgos,Baja,Riesgo prospectivo de inundaciones,No,Sin declaratoria reportada,No,Prospectiva,0,1,0,0,1,0,0,0,INUMET alertó mayor probabilidad de lluvias por encima de lo normal en primavera/verano por El Niño muy fuerte.,Riesgo prospectivo de dengue y leptospirosis tras eventuales inundaciones; sin casos o brotes confirmados en el período.,"Coordinación MSP, Ambiente, Sinae, INUMET y OPS/OMS; trabajo en alertas tempranas por SMS.",Participación de OPS/OMS en reuniones interinstitucionales.,,,,,,,,,,,,,59;60,INUMET; MSP; Sinae; OPS/OMS,Sin evento de impacto confirmado al corte.
SITREP_01_2026-09-14,1,2026-09-14,2026-09-14,PRY,Paraguay,Brasil y Cono Sur,Con hallazgos,Baja,Alistamiento / riesgo prospectivo,No,Sin declaratoria reportada,No,Prospectiva,0,0,0,0,0,0,0,0,"Fase de preparación ante posibles impactos de El Niño, sin evento hidrometeorológico de magnitud confirmado.",Sin impacto en salud pública confirmado.,"Implementación del Plan Nacional de Respuesta Multiamenaza, vigilancia, seguridad hospitalaria, capacitación y simulacros.",Apoyo técnico de OPS/OMS al fortalecimiento de alerta temprana y respuesta.,,,,,,,,,,,,,61;63;64;65,MSPyBS; DGVS; SEN; OPS/OMS,La tabla del SitRep indica 'sin acciones específicas' pese a describir apoyo técnico de OPS/OMS; se conserva la síntesis del texto narrativo.
SITREP_01_2026-09-14,1,2026-09-14,2026-09-14,JAM,Jamaica,Caribe,Con hallazgos,Media,Sequía / déficit hídrico,No formal,Sin declaratoria formal reportada,No confirmado,Compatible/contextual,1,0,0,0,0,0,0,0,Sequía regional; precipitación 70% bajo lo normal en el período agosto–octubre.,Riesgo hídrico y de salud pública por escasez de agua; sin brote confirmado.,Racionamiento de agua mediante cortes rotativos.,Perfil de clima y salud elaborado por OPS/OMS.,,,,,,,,,,,,,66;67;70,CIMH; NWC; OPS/OMS,
SITREP_01_2026-09-14,1,2026-09-14,2026-09-14,PRI,Puerto Rico,Caribe,Con hallazgos,Media,Sequía / déficit hídrico,No formal,Sin declaratoria formal reportada,No confirmado,Compatible/contextual,1,0,0,0,0,0,0,0,Pronóstico de precipitación por debajo de lo normal.,Medidas de racionamiento de agua; sin brote confirmado.,Racionamiento de agua.,Sin acción específica adicional reportada en la tabla del Caribe.,,,,,,,,,,,,,68,AAA Puerto Rico; NOAA,
SITREP_01_2026-09-14,1,2026-09-14,2026-09-14,TTO,Trinidad y Tobago,Caribe,Con hallazgos,Media,Sequía / déficit hídrico,No formal,Sin declaratoria formal reportada,No confirmado,Compatible/contextual,1,0,0,0,0,0,0,0,Pronóstico oficial de sequía para el noreste del país.,Riesgo hídrico y de salud pública por escasez de agua; sin brote confirmado.,Pronóstico oficial de sequía y formación en epidemiología de campo/respuesta a brotes.,OPS/OMS completó perfil de clima y salud; CARPHA desarrolló formación One Health.,,,,,,,,,,,,,69;70;71,Trinidad and Tobago Meteorological Service; CARPHA; OPS/OMS,
SITREP_01_2026-09-14,1,2026-09-14,2026-09-14,MEX,México,América del Norte,Con hallazgos,Baja,Déficit hídrico / riesgo de incendios,No,Sin declaratoria reportada,No,Compatible/contextual para amenazas; sin impacto sanitario atribuible,1,1,1,0,0,0,0,0,"Déficit de precipitación acumulado de 45,1 mm (9,6% bajo el promedio 1991–2020); riesgo de incendios y mayor actividad ciclónica en el Pacífico.",Sin impacto en salud pública confirmado ni atribuible al episodio 2026–2027.,"Monitoreo continuo por SMN y CONAGUA de precipitación, frentes fríos, incendios y condiciones ENSO.",Sin acciones específicas de OPS/OMS país reportadas para el período.,,,,,,,,,,,,,72;73,SMN; CONAGUA; OPS/OMS,No se agrega icono de arbovirosis porque no hay impacto sanitario confirmado atribuible al episodio.
SITREP_01_2026-09-14,1,2026-09-14,2026-09-14,CAN,Canadá,América del Norte,Sin hallazgos,Sin priorización,Sin amenaza identificada,No,No aplica,No,No aplica,0,0,0,0,0,0,0,0,No se identificaron amenazas hidrometeorológicas o ambientales asociadas con El Niño en las fuentes oficiales consultadas.,No se identificó evidencia adicional de impacto sanitario en el período.,Situación de bajo impacto y sin necesidades específicas reportadas.,Sin acciones específicas reportadas para el período.,,,,,,,,,,,,,72,Inventario OPS/OMS de fuentes oficiales de monitoreo de salud y clima,
SITREP_01_2026-09-14,1,2026-09-14,2026-09-14,USA,Estados Unidos de América,América del Norte,Sin hallazgos,Sin priorización,Sin amenaza identificada,No,No aplica,No,No aplica,0,0,0,0,0,0,0,0,No se identificaron amenazas hidrometeorológicas o ambientales asociadas con El Niño en las fuentes oficiales consultadas para el territorio continental.,No se identificó evidencia adicional de impacto sanitario en el período.,Situación de bajo impacto y sin necesidades específicas reportadas.,Sin acciones específicas reportadas para el período.,,,,,,,,,,,,,72,Inventario OPS/OMS de fuentes oficiales de monitoreo de salud y clima,
SITREP_02_2026-10-15,2,2026-10-15,2026-10-15,HND,Honduras,América Central,Con hallazgos,Alta,Sequía / inseguridad alimentaria,Sí,Alerta roja ampliada a 103 municipios de ocho departamentos; vigencia por confirmar,Sí,Compatible/contextual,1,0,0,1,0,0,1,0,Sequía activa en el Corredor Seco; la alerta roja fue ampliada a 103 municipios y persiste el déficit hídrico.,"Inseguridad alimentaria aguda previamente estimada en 1,8–2,2 millones de personas; más de 708.000 podrían requerir asistencia. Se documenta presión operacional por brechas de agua y saneamiento en servicios de salud.","Llamamiento urgente del Gobierno, ONU y Red Humanitaria; acción anticipatoria y obras de agua, saneamiento y manejo de residuos.","OPS/OMS mantiene acciones anticipatorias, perfiles STAR-H y apoyo a mejoras WASH en cinco establecimientos del Corredor Seco.",,,,,,1800000,2200000,,,,,103,6;9;14;18;21;22;23;25,COPECO; Red Humanitaria/OCHA; OPS/OMS; PMA,La ampliación a 103 municipios proviene de una fuente secundaria que cita a COPECO; la vigencia debe confirmarse.
SITREP_02_2026-10-15,2,2026-10-15,2026-10-15,GTM,Guatemala,América Central,Con hallazgos,Alta,Sequía / lluvias / inseguridad alimentaria,No claramente documentada,"Alerta Anaranjada Nacional de CONRED; alerta institucional, no equivale a declaratoria de calamidad",Sí,Compatible/contextual,1,1,1,1,0,0,0,0,Persisten la sequía del Corredor Seco y las emergencias por lluvias; CONRED acumuló 1.751 emergencias al 26 de septiembre.,"199.829 personas afectadas por lluvias al 24 de septiembre. El análisis CIF estima 3,2 millones de personas en Fase 3 o superior en julio-septiembre y proyecta 2,6 millones para octubre-febrero.",Alerta Anaranjada Nacional por variabilidad climática y Plan Nacional de Respuesta ante la Emergencia por Sequía.,"Continúan acciones de reparación de sistemas de agua, vigilancia, respuesta a brotes y control vectorial previamente reportadas.",199829,,,,,2600000,3200000,197000,,,,,10;11;19;20;28;29;31,CONRED; SESAN; FAO; PMA; OPS/OMS,Prioridad Alta provisional: la severidad se sustenta en proyecciones CIF y no se documenta una declaratoria formal de calamidad.
SITREP_02_2026-10-15,2,2026-10-15,2026-10-15,SLV,El Salvador,América Central,Con hallazgos,Alta,Sequía / inseguridad alimentaria / arbovirosis,Sí,Alerta roja nacional por sequía meteorológica y agrícola,Sí,Compatible/contextual,1,0,0,1,1,0,0,0,Se mantiene la alerta roja por sequía; el período seco reportado en La Unión Norte finalizó con las lluvias del 20 y 21 de septiembre.,Se mantiene el riesgo nutricional rural y el antecedente de aumento de dengue; no hay un nuevo corte comparable de dengue o afectación nutricional.,Acción anticipatoria por sequía con CERF para 20.000 personas y continuidad de medidas nacionales de preparación.,"Continúan las intervenciones previamente reportadas en WASH, diagnóstico y control vectorial.",,,,,,,,,,,,,9;32;33;34;35;36,Protección Civil; MARN; OPS/OMS; CERF,No se identificaron nuevas actualizaciones oficiales de impacto sanitario durante el período monitoreado.
SITREP_02_2026-10-15,2,2026-10-15,2026-10-15,PAN,Panamá,América Central,Con hallazgos,Media,Lluvias / inundaciones / déficit hídrico,Sí,"Estado de Emergencia Nacional por El Niño (Resolución de Gabinete N.° 102-26), vigente hasta el 30 de junio de 2027",No confirmado,Compatible/contextual,1,1,0,0,0,0,0,0,Persisten antecedentes de inundaciones y un déficit hídrico creciente; 11 cuencas se encuentran en estrés hídrico y el déficit de lluvias podría alcanzar 55% en algunas zonas.,Más de 15.000 personas afectadas por inundaciones desde enero; no se documenta impacto sanitario confirmado.,Estado de Emergencia Nacional y seguimiento del IMHPA a la persistencia de El Niño y al déficit de precipitación.,Sin acciones específicas de OPS/OMS país reportadas para el período.,15000,,,,,,,,,,,,7;32;37;38;39,SINAPROC; IMHPA; Gobierno de Panamá,La declaratoria nacional fue precisada retrospectivamente en esta edición.
SITREP_02_2026-10-15,2,2026-10-15,2026-10-15,CRI,Costa Rica,América Central,Con hallazgos,Media,Arbovirosis / alistamiento,No específica,Sin declaratoria específica priorizada,Sí,No confirmada,1,1,0,0,1,0,0,0,Señales de déficit de lluvias en Pacífico y Valle Central y exceso de lluvias en Caribe y zona norte; requieren corroboración institucional.,"5.302 casos acumulados de dengue a la SE 37, 104 con signos de alarma, 6 hospitalizados y 620 casos de chikunguña; situación concurrente sin atribución a El Niño.","Prioridad en control de dengue, vigilancia de calidad del agua y atención integral en albergues.",Sin acciones específicas de OPS/OMS país nuevas reportadas para el período.,,,,,,,,,,,,,41;42;43,Ministerio de Salud de Costa Rica; IMN; fuentes secundarias,Prioridad Media provisional; no se identifica una amenaza hidrometeorológica oficial priorizada en el período.
SITREP_02_2026-10-15,2,2026-10-15,2026-10-15,COL,Colombia,Subregión Andina,Con hallazgos,Alta,Incendios / lluvias / arbovirosis,Sí,Desastre nacional y emergencia económica/social/ecológica; calamidad pública por incendios en Tolima,Sí,Compatible/contextual,1,1,1,0,1,1,0,0,"Coexisten condiciones de El Niño con la segunda temporada de lluvias, incendios forestales y señales de escasez de agua en distintos territorios.","La notificación nacional de dengue a la SE 33 fue 27% menor que en 2025, aunque persisten brotes territoriales; continúan riesgos por malaria, fiebre amarilla y humo de incendios.",UNGRD emitió 38 acciones de preparación para la segunda temporada de lluvias; continúan acciones anticipatorias en territorios priorizados.,"Se mantienen acciones previamente reportadas de respuesta rápida, vigilancia y cooperación técnica.",,,,,,,,,,,50000,,9;44;45;46;52;55;56;58,IDEAM; UNGRD; INS; MinSalud; OPS/OMS,Las afectaciones previamente referidas en establecimientos no permiten confirmar una interrupción de la prestación asociada a eventos hidrometeorológicos.
SITREP_02_2026-10-15,2,2026-10-15,2026-10-15,PER,Perú,Subregión Andina,Con hallazgos,Alta,Lluvias / inundaciones / déficit hídrico,Sí,Emergencias por lluvias intensas y déficit hídrico; 893 distritos por peligro inminente ante precipitaciones,Sí,Confirmada/relacionada (El Niño costero),1,1,0,0,0,0,1,0,El Niño costero con lluvias e inundaciones y déficit hídrico; se proyecta mayor riesgo de desbordes e inundaciones entre diciembre de 2026 y comienzos de 2027.,"Antecedente acumulado de 70 fallecidos por lluvias y huaico. El balance más reciente reporta 100 establecimientos de salud afectados, todos operativos.","COE Salud, equipos de emergencia y alerta amarilla nacional; acciones de agua segura, prevención del dengue y limpieza posterior a inundaciones.","Apoyo al MINSA y COE Salud en EDAN, continuidad de servicios, agua segura, vigilancia y comunicación de riesgo.",,,,70,,,,,100,4393,,893,12;13;47;48;49;60;68;70,MINSA; COE Salud; SENAMHI; PCM; OPS/OMS,Los 790 establecimientos afectados al 23 de marzo son un antecedente de otro corte y no se suman a los 100 reportados al 4 de septiembre.
SITREP_02_2026-10-15,2,2026-10-15,2026-10-15,BOL,Bolivia,Subregión Andina,Con hallazgos,Baja,Sequía / riesgo de incendios,No,Sin declaratoria formal reportada,No confirmado,Compatible/contextual,1,0,1,0,0,1,0,0,Sequía severa o extrema en 17 municipios del Altiplano y riesgo de incendios en la Chiquitania.,No se dispone de una cifra confirmada de afectación sanitaria; se mantiene el riesgo respiratorio asociado al humo.,Monitoreo del SENAMHI y activación del COEN con sus mesas sectoriales.,Apoyo previamente reportado al fortalecimiento de COE departamentales.,,,,,,,,,,,,17,71;72,SENAMHI Bolivia; OPS/OMS; fuente secundaria,Se mantiene prioridad Baja porque no se reportan incendios forestales observados ni efectos sanitarios asociados al corte.
SITREP_02_2026-10-15,2,2026-10-15,2026-10-15,ECU,Ecuador,Subregión Andina,Con hallazgos,Media,Lluvias / alistamiento,Sí,"Alerta roja nacional (Resolución SNGR-238-2026, 29 de agosto), reemplaza la alerta naranja",No confirmado / no atribuible,No confirmada / descartada para episodios de agosto,0,1,0,0,0,0,0,0,Rige alerta roja nacional ante El Niño; las lluvias de septiembre en Guayaquil se consideran indicios sin atribución causal establecida.,Antecedente de la temporada de lluvias: 35 fallecidos y 142.602 personas afectadas; no se presenta como impacto nuevo ni atribuible a El Niño.,Activación de COE provinciales y cantonales y protocolos de evacuación preventiva.,Continúan las acciones previamente reportadas de revisión de planes y coordinación sobre dengue.,142602,,,35,,,,,,,,,8;50;51;73,SNGR; INAMHI; OPS/OMS; fuente secundaria,La alerta roja es la principal actualización de declaratoria; no hay un nuevo corte sanitario.
SITREP_02_2026-10-15,2,2026-10-15,2026-10-15,BRA,Brasil,Brasil y Cono Sur,Con hallazgos,Media,Sequía / inundaciones / calidad del aire / quemadas,Subnacional,Declaratorias subnacionales y municipales de emergencia,Parcial / subnacional,No confirmada a nivel nacional,1,1,1,1,1,1,0,1,"Escenario dual: sequía severa en la Amazonía y lluvias, crecidas e inundaciones en el Sur, con riesgo de incendios y deterioro de calidad del aire.","El Ministerio de Salud identifica riesgos potenciales por acceso a servicios, insuficiencia hídrica y alimentaria, humo, arbovirosis y enfermedades hídricas.","Despliegue territorial de la Força Nacional do SUS, centros de información en salud y clima, unidades móviles/modulares y preparación de red de frío.",Continúa el apoyo técnico previamente reportado al Vigidesastres y a planes estatales de preparación.,,,,,,,,,,,,630,74;75;76;77;89;92;93;94,INPE; Cemaden; Ministério da Saúde; ANA; OPS/OMS,"Se clasifica como impacto potencial sobre servicios de salud, sin afectación operacional observada documentada en la síntesis regional."
SITREP_02_2026-10-15,2,2026-10-15,2026-10-15,CHL,Chile,Brasil y Cono Sur,Con hallazgos,Media,Lluvias / inundaciones / aluviones,Sí,Alerta Roja y Emergencia Preventiva; vigencia actual pendiente de confirmación,Sí,No confirmada,0,1,0,0,0,0,0,0,Antecedentes de temporales y aluviones; nuevos sistemas frontales de finales de septiembre y comienzos de octubre sin atribución causal oficial a El Niño.,"Balance del temporal de julio: 13 fallecidos, 3.532 damnificados, 1.553 albergados y 61.557 personas aisladas; no corresponde a eventos nuevos del período.",Coordinación sanitaria y medidas de emergencia previamente reportadas; no se identificaron nuevas actualizaciones oficiales.,Sin acciones específicas de OPS/OMS país reportadas para el período.,,3532,,13,,,,,,,,,78;79;97;99;101,SENAPRED; MINSAL; DMC; fuentes secundarias,La presión sobre urgencias respiratorias está pendiente de validación institucional y no se clasifica como afectación observada de servicios.
SITREP_02_2026-10-15,2,2026-10-15,2026-10-15,ARG,Argentina,Brasil y Cono Sur,Con hallazgos,Baja,Riesgo prospectivo de inundaciones,No,Sin declaratoria reportada,No,Prospectiva,0,1,0,0,0,0,0,0,El SMN mantiene fase cálida del ENOS y riesgo de precipitaciones superiores a lo normal; se reportó un episodio de lluvias récord en Patagonia como señal sin atribución causal.,No hay balance sanitario oficial reciente ni impacto sanitario confirmado.,Se mantiene el esquema interinstitucional de preparación y alerta temprana previamente reportado.,Sin una fuente específica sobre nuevas acciones de OPS/OMS en el país.,,,,,,,,,,,,,80;102;103;104,SMN; Ministerio de Salud; fuente secundaria,"Las estimaciones de inundación corresponden a escenarios prospectivos, no a impactos observados."
SITREP_02_2026-10-15,2,2026-10-15,2026-10-15,URY,Uruguay,Brasil y Cono Sur,Con hallazgos,Baja,Riesgo prospectivo de inundaciones,No,Sin declaratoria reportada,No,Prospectiva,0,1,0,0,1,0,0,1,Se mantiene el riesgo de lluvias e inundaciones; se registran señales locales de precipitaciones copiosas y se mantiene vigilancia de dengue y leptospirosis.,"Sin evento sanitario confirmado; el MSP identifica impacto potencial sobre infraestructura, accesos, agua, energía, cadena de frío y continuidad asistencial.",El MSP conformó un comité operativo y prepara el plan de contingencia del sector salud ante El Niño.,OPS/OMS acompaña técnicamente al MSP en la preparación del plan de contingencia del sector salud.,,,,,,,,,,,,,81;108;109;110,MSP; INUMET; Sinae; OPS/OMS,El impacto sobre servicios de salud es potencial y no corresponde a una afectación observada.
SITREP_02_2026-10-15,2,2026-10-15,2026-10-15,PRY,Paraguay,Brasil y Cono Sur,Con hallazgos,Baja,Alistamiento / riesgo prospectivo,No,Sin declaratoria reportada,No,Prospectiva,0,1,0,0,0,0,0,0,"Repunte del río Paraná y riesgo prospectivo de lluvias intensas, inundaciones y crecidas.",Sin impacto en salud pública confirmado.,"Fortalecimiento de la preparación del sistema sanitario, simulacros y medidas de seguridad hospitalaria.",Sin nuevas acciones específicas de OPS/OMS país documentadas en esta edición.,,,,,,,,,,,,,82;83;111;112;113,MSPBS; EBY; fuentes secundarias,Las señales hidrológicas no se traducen en un evento sanitario confirmado al corte.
SITREP_02_2026-10-15,2,2026-10-15,2026-10-15,JAM,Jamaica,Caribe,Con hallazgos,Media,Sequía / déficit hídrico,No formal,Sin declaratoria formal reportada,No confirmado,Compatible/contextual,1,0,0,0,0,0,1,0,La sequía se intensifica: 107 sistemas de la National Water Commission estaban afectados al 1 de octubre.,"Se documenta presión operacional por déficit hídrico; algunos sistemas de abastecimiento operan entre 0% y 40% y se destinan cisternas a escuelas, centros de salud y hospitales.",Racionamiento de agua y asignación de recursos adicionales para respuesta a la sequía.,Se mantiene el perfil de clima y salud previamente elaborado por OPS/OMS.,,,,,,,,,,,,,15;114;115;116;122;123,Jamaica Information Service; NWC; OPS/OMS,"Los 107 corresponden a sistemas de abastecimiento de agua, no a establecimientos de salud."
SITREP_02_2026-10-15,2,2026-10-15,2026-10-15,PRI,Puerto Rico,Caribe,Con hallazgos,Media,Sequía / déficit hídrico,No formal,Sin declaratoria formal reportada,No confirmado,Compatible/contextual,1,0,0,0,0,0,0,0,"Mejoría parcial de la sequía: la sequía extrema bajó de 37,14% a 9,64% del territorio; 11 municipios del sur permanecen en sequía extrema.",Persisten medidas de racionamiento de agua; no se documenta brote ni afectación específica de servicios de salud.,Racionamiento de agua a cargo de la Autoridad de Acueductos y Alcantarillados.,Sin acciones específicas adicionales reportadas.,,,,,,,,,,,,,117;118;125,AAA Puerto Rico; Monitor de Sequía de Estados Unidos; fuentes secundarias,"Prioridad Media provisional; el propio anexo señala que, sin impacto sanitario documentado, los criterios corresponderían a Baja."
SITREP_02_2026-10-15,2,2026-10-15,2026-10-15,TTO,Trinidad y Tobago,Caribe,Con hallazgos,Media,Sequía / déficit hídrico,No formal,Sin declaratoria formal reportada,No confirmado,Compatible/contextual,1,0,0,0,0,0,0,0,"Vigilancia de sequía para Tobago y el noreste de Trinidad, con posible extensión a la estación seca de 2027; se reporta además un período de calor.","Riesgo hídrico y de salud pública por escasez de agua, sin brote confirmado ni afectación específica de servicios de salud.",El TTMS recomienda medidas de conservación del agua.,Sin nuevas acciones específicas de OPS/OMS país reportadas.,,,,,,,,,,,,,119;120;121;126,TTMS; fuentes secundarias; OPS/OMS,"Prioridad Media provisional; el propio anexo señala que, sin impacto sanitario documentado, los criterios corresponderían a Baja."
SITREP_02_2026-10-15,2,2026-10-15,2026-10-15,MEX,México,América del Norte,Con hallazgos,Baja,Déficit hídrico / riesgo de incendios,No,Sin declaratoria reportada,No,Compatible/contextual para amenazas; sin impacto sanitario atribuible,1,1,1,0,0,0,0,0,Persiste el déficit de precipitación; se prevén 56 frentes fríos en 2026-2027 y se mantiene riesgo de incendios y episodios de lluvias/ciclones.,No se dispone de estimación del impacto sanitario atribuible a El Niño; el corte epidemiológico de dengue no establece atribución específica.,"Monitoreo del SMN y CONAGUA de ENSO, precipitación, frentes fríos y ciclones.",Sin acciones específicas de OPS/OMS país reportadas para el período.,,,,,,,,,,,,,128;129;131;132,SMN; CONAGUA; Secretaría de Salud de México,Los pronósticos meteorológicos no constituyen por sí mismos un impacto sanitario confirmado.
SITREP_02_2026-10-15,2,2026-10-15,2026-10-15,CAN,Canadá,América del Norte,Sin hallazgos,Sin priorización,Sin amenaza identificada,No,No aplica,No,No aplica,0,0,0,0,0,0,0,0,La información oficial disponible es limitada y no permite actualizar la caracterización.,No se identificaron nuevos eventos de salud pública asociados.,Sin necesidades ni acciones específicas reportadas.,Sin acciones específicas de OPS/OMS reportadas.,,,,,,,,,,,,,130,Inventario OPS/OMS de fuentes oficiales de monitoreo de salud y clima,La ausencia de reportes no demuestra ausencia de amenazas.
SITREP_02_2026-10-15,2,2026-10-15,2026-10-15,USA,Estados Unidos de América,América del Norte,Sin hallazgos,Sin priorización,Sin amenaza identificada,No,No aplica,No,No aplica,0,0,0,0,0,0,0,0,La información oficial disponible es limitada y no permite actualizar la caracterización.,No se identificaron nuevos eventos de salud pública asociados.,Sin necesidades ni acciones específicas reportadas.,Sin acciones específicas de OPS/OMS reportadas.,,,,,,,,,,,,,130,Inventario OPS/OMS de fuentes oficiales de monitoreo de salud y clima,La ausencia de reportes no demuestra ausencia de amenazas.
